mean_R,mean_G,mean_B,x,y,dye,doz,antibiotic
0.93097256620725,0.7134187469879786,0.8323394556840261,0,0,Ecoli_asb,0,Ampicillin
0.93097256620725,0.7134187469879786,0.8323394556840261,0,1,Ecoli_asb,1,Ampicillin
0.93097256620725,0.7134187469879786,0.8323394556840261,0,2,Ecoli_asb,2,Ampicillin
0.93097256620725,0.7134187469879786,0.8323394556840261,0,3,Ecoli_asb,4,Ampicillin
0.93097256620725,0.7134187469879786,0.8323394556840261,0,4,Ecoli_asb,8,Ampicillin
0.93097256620725,0.7134187469879786,0.8323394556840261,0,5,Ecoli_asb,16,Ampicillin
0.93097256620725,0.7134187469879786,0.8323394556840261,0,6,Ecoli_asb,32,Ampicillin
0.93097256620725,0.7134187469879786,0.8323394556840261,0,7,Ecoli_asb,64,Ampicillin
0.920841912428538,0.7535280833641688,0.8359476576248804,0,0,Ecoli_asb,0,Chloramphenicol
0.920841912428538,0.7535280833641688,0.8359476576248804,0,1,Ecoli_asb,1,Chloramphenicol
0.920841912428538,0.7535280833641688,0.8359476576248804,0,2,Ecoli_asb,2,Chloramphenicol
0.920841912428538,0.7535280833641688,0.8359476576248804,0,3,Ecoli_asb,4,Chloramphenicol
0.920841912428538,0.7535280833641688,0.8359476576248804,0,4,Ecoli_asb,8,Chloramphenicol
0.920841912428538,0.7535280833641688,0.8359476576248804,0,5,Ecoli_asb,16,Chloramphenicol
0.920841912428538,0.7535280833641688,0.8359476576248804,0,6,Ecoli_asb,32,Chloramphenicol
0.920841912428538,0.7535280833641688,0.8359476576248804,0,7,Ecoli_asb,64,Chloramphenicol
0.8534016013145447,0.7486394643783569,0.8240762203931808,0,0,Ecoli_asb,0,Kanamycin
0.8534016013145447,0.7486394643783569,0.8240762203931808,0,1,Ecoli_asb,1,Kanamycin
0.8534016013145447,0.7486394643783569,0.8240762203931808,0,2,Ecoli_asb,2,Kanamycin
0.8534016013145447,0.7486394643783569,0.8240762203931808,0,3,Ecoli_asb,4,Kanamycin
0.8534016013145447,0.7486394643783569,0.8240762203931808,0,4,Ecoli_asb,8,Kanamycin
0.8534016013145447,0.7486394643783569,0.8240762203931808,0,5,Ecoli_asb,16,Kanamycin
0.8534016013145447,0.7486394643783569,0.8240762203931808,0,6,Ecoli_asb,32,Kanamycin
0.8534016013145447,0.7486394643783569,0.8240762203931808,0,7,Ecoli_asb,64,Kanamycin
0.7381420433521271,0.687201534708341,0.7775177210569382,1,0,Ecoli_asb,0,Tetracycline
0.7381420433521271,0.687201534708341,0.7775177210569382,1,1,Ecoli_asb,1,Tetracycline
0.7381420433521271,0.687201534708341,0.7775177210569382,1,2,Ecoli_asb,2,Tetracycline
0.7381420433521271,0.687201534708341,0.7775177210569382,1,3,Ecoli_asb,4,Tetracycline
0.7381420433521271,0.687201534708341,0.7775177210569382,1,4,Ecoli_asb,8,Tetracycline
0.7381420433521271,0.687201534708341,0.7775177210569382,1,5,Ecoli_asb,16,Tetracycline
0.7381420433521271,0.687201534708341,0.7775177210569382,1,6,Ecoli_asb,32,Tetracycline
0.7381420433521271,0.687201534708341,0.7775177210569382,1,7,Ecoli_asb,64,Tetracycline
0.9192678381999334,0.7721488128105799,0.8297785570224127,0,0,Ecoli_ef,0,Ampicillin
0.9192678381999334,0.7721488128105799,0.8297785570224127,0,1,Ecoli_ef,1,Ampicillin
0.9192678381999334,0.7721488128105799,0.8297785570224127,0,2,Ecoli_ef,2,Ampicillin
0.9192678381999334,0.7721488128105799,0.8297785570224127,0,3,Ecoli_ef,4,Ampicillin
0.9192678381999334,0.7721488128105799,0.8297785570224127,0,4,Ecoli_ef,8,Ampicillin
0.9192678381999334,0.7721488128105799,0.8297785570224127,0,5,Ecoli_ef,16,Ampicillin
0.9192678381999334,0.7721488128105799,0.8297785570224127,0,6,Ecoli_ef,32,Ampicillin
0.9192678381999334,0.7721488128105799,0.8297785570224127,0,7,Ecoli_ef,64,Ampicillin
0.9387291123469672,0.7767240802447001,0.8295917014280955,1,0,Ecoli_ef,0,Chloramphenicol
0.9387291123469672,0.7767240802447001,0.8295917014280955,1,1,Ecoli_ef,1,Chloramphenicol
0.9387291123469672,0.7767240802447001,0.8295917014280955,1,2,Ecoli_ef,2,Chloramphenicol
0.9387291123469672,0.7767240802447001,0.8295917014280955,1,3,Ecoli_ef,4,Chloramphenicol
0.9387291123469672,0.7767240802447001,0.8295917014280955,1,4,Ecoli_ef,8,Chloramphenicol
0.9387291123469672,0.7767240802447001,0.8295917014280955,1,5,Ecoli_ef,16,Chloramphenicol
0.9387291123469672,0.7767240802447001,0.8295917014280955,1,6,Ecoli_ef,32,Chloramphenicol
0.9387291123469672,0.7767240802447001,0.8295917014280955,1,7,Ecoli_ef,64,Chloramphenicol
0.9600041806697844,0.7686341255903244,0.8474856416384379,2,0,Ecoli_ef,0,Kanamycin
0.9600041806697844,0.7686341255903244,0.8474856416384379,2,1,Ecoli_ef,1,Kanamycin
0.9600041806697844,0.7686341255903244,0.8474856416384379,2,2,Ecoli_ef,2,Kanamycin
0.9600041806697844,0.7686341255903244,0.8474856416384379,2,3,Ecoli_ef,4,Kanamycin
0.9600041806697844,0.7686341255903244,0.8474856416384379,2,4,Ecoli_ef,8,Kanamycin
0.9600041806697844,0.7686341255903244,0.8474856416384379,2,5,Ecoli_ef,16,Kanamycin
0.9600041806697844,0.7686341255903244,0.8474856416384379,2,6,Ecoli_ef,32,Kanamycin
0.9600041806697844,0.7686341255903244,0.8474856416384379,2,7,Ecoli_ef,64,Kanamycin
0.9122117360432944,0.7213887025912603,0.8073162337144216,3,0,Ecoli_ef,0,Tetracycline
0.9122117360432944,0.7213887025912603,0.8073162337144216,3,1,Ecoli_ef,1,Tetracycline
0.9122117360432944,0.7213887025912603,0.8073162337144216,3,2,Ecoli_ef,2,Tetracycline
0.9122117360432944,0.7213887025912603,0.8073162337144216,3,3,Ecoli_ef,4,Tetracycline
0.9122117360432944,0.7213887025912603,0.8073162337144216,3,4,Ecoli_ef,8,Tetracycline
0.9122117360432944,0.7213887025912603,0.8073162337144216,3,5,Ecoli_ef,16,Tetracycline
0.9122117360432944,0.7213887025912603,0.8073162337144216,3,6,Ecoli_ef,32,Tetracycline
0.9122117360432944,0.7213887025912603,0.8073162337144216,3,7,Ecoli_ef,64,Tetracycline
0.8532544672489166,0.7675203581651052,0.8231358329455057,0,0,Ecoli_mg,0,Ampicillin
0.8532544672489166,0.7675203581651052,0.8231358329455057,0,1,Ecoli_mg,1,Ampicillin
0.8532544672489166,0.7675203581651052,0.8231358329455057,0,2,Ecoli_mg,2,Ampicillin
0.8532544672489166,0.7675203581651052,0.8231358329455057,0,3,Ecoli_mg,4,Ampicillin
0.8532544672489166,0.7675203581651052,0.8231358329455057,0,4,Ecoli_mg,8,Ampicillin
0.8532544672489166,0.7675203581651052,0.8231358329455057,0,5,Ecoli_mg,16,Ampicillin
0.8532544672489166,0.7675203581651052,0.8231358329455057,0,6,Ecoli_mg,32,Ampicillin
0.8532544672489166,0.7675203581651052,0.8231358329455057,0,7,Ecoli_mg,64,Ampicillin
0.7469654778639475,0.6813925902048746,0.7515072623888651,1,0,Ecoli_mg,0,Chloramphenicol
0.7469654778639475,0.6813925902048746,0.7515072623888651,1,1,Ecoli_mg,1,Chloramphenicol
0.7469654778639475,0.6813925902048746,0.7515072623888651,1,2,Ecoli_mg,2,Chloramphenicol
0.7469654778639475,0.6813925902048746,0.7515072623888651,1,3,Ecoli_mg,4,Chloramphenicol
0.7469654778639475,0.6813925902048746,0.7515072623888651,1,4,Ecoli_mg,8,Chloramphenicol
0.7469654778639475,0.6813925902048746,0.7515072623888651,1,5,Ecoli_mg,16,Chloramphenicol
0.7469654778639475,0.6813925902048746,0.7515072623888651,1,6,Ecoli_mg,32,Chloramphenicol
0.7469654778639475,0.6813925902048746,0.7515072623888651,1,7,Ecoli_mg,64,Chloramphenicol
0.7459116528431574,0.6255568911631902,0.7253300895293554,2,0,Ecoli_mg,0,Kanamycin
0.7459116528431574,0.6255568911631902,0.7253300895293554,2,1,Ecoli_mg,1,Kanamycin
0.7459116528431574,0.6255568911631902,0.7253300895293554,2,2,Ecoli_mg,2,Kanamycin
0.7459116528431574,0.6255568911631902,0.7253300895293554,2,3,Ecoli_mg,4,Kanamycin
0.7459116528431574,0.6255568911631902,0.7253300895293554,2,4,Ecoli_mg,8,Kanamycin
0.7459116528431574,0.6255568911631902,0.7253300895293554,2,5,Ecoli_mg,16,Kanamycin
0.7459116528431574,0.6255568911631902,0.7253300895293554,2,6,Ecoli_mg,32,Kanamycin
0.7459116528431574,0.6255568911631902,0.7253300895293554,2,7,Ecoli_mg,64,Kanamycin
0.8149860153595606,0.7525143374999365,0.8005135556062063,3,0,Ecoli_mg,0,Tetracycline
0.8149860153595606,0.7525143374999365,0.8005135556062063,3,1,Ecoli_mg,1,Tetracycline
0.8149860153595606,0.7525143374999365,0.8005135556062063,3,2,Ecoli_mg,2,Tetracycline
0.8149860153595606,0.7525143374999365,0.8005135556062063,3,3,Ecoli_mg,4,Tetracycline
0.8149860153595606,0.7525143374999365,0.8005135556062063,3,4,Ecoli_mg,8,Tetracycline
0.8149860153595606,0.7525143374999365,0.8005135556062063,3,5,Ecoli_mg,16,Tetracycline
0.8149860153595606,0.7525143374999365,0.8005135556062063,3,6,Ecoli_mg,32,Tetracycline
0.8149860153595606,0.7525143374999365,0.8005135556062063,3,7,Ecoli_mg,64,Tetracycline
0.79853256046772,0.6758036067088445,0.7413032352924347,0,0,s_typh,0,Ampicillin
0.79853256046772,0.6758036067088445,0.7413032352924347,0,1,s_typh,1,Ampicillin
0.79853256046772,0.6758036067088445,0.7413032352924347,0,2,s_typh,2,Ampicillin
0.79853256046772,0.6758036067088445,0.7413032352924347,0,3,s_typh,4,Ampicillin
0.79853256046772,0.6758036067088445,0.7413032352924347,0,4,s_typh,8,Ampicillin
0.79853256046772,0.6758036067088445,0.7413032352924347,0,5,s_typh,16,Ampicillin
0.79853256046772,0.6758036067088445,0.7413032352924347,0,6,s_typh,32,Ampicillin
0.8277709484100342,0.6707015931606293,0.7081233213345209,1,0,s_typh,0,Chloramphenicol
0.8277709484100342,0.6707015931606293,0.7081233213345209,1,1,s_typh,1,Chloramphenicol
0.8277709484100342,0.6707015931606293,0.7081233213345209,1,2,s_typh,2,Chloramphenicol
0.8277709484100342,0.6707015931606293,0.7081233213345209,1,3,s_typh,4,Chloramphenicol
0.8277709484100342,0.6707015931606293,0.7081233213345209,1,4,s_typh,8,Chloramphenicol
0.8277709484100342,0.6707015931606293,0.7081233213345209,1,5,s_typh,16,Chloramphenicol
0.8277709484100342,0.6707015931606293,0.7081233213345209,1,6,s_typh,32,Chloramphenicol
0.7904826601346334,0.686681404709816,0.7321863025426865,2,0,s_typh,0,Kanamycin
0.7904826601346334,0.686681404709816,0.7321863025426865,2,1,s_typh,1,Kanamycin
0.7904826601346334,0.686681404709816,0.7321863025426865,2,2,s_typh,2,Kanamycin
0.7904826601346334,0.686681404709816,0.7321863025426865,2,3,s_typh,4,Kanamycin
0.7904826601346334,0.686681404709816,0.7321863025426865,2,4,s_typh,8,Kanamycin
0.7904826601346334,0.686681404709816,0.7321863025426865,2,5,s_typh,16,Kanamycin
0.7904826601346334,0.686681404709816,0.7321863025426865,2,6,s_typh,32,Kanamycin
0.8609176675478617,0.7274444550275803,0.7713150680065155,3,0,s_typh,0,Tetracycline
0.8609176675478617,0.7274444550275803,0.7713150680065155,3,1,s_typh,1,Tetracycline
0.8609176675478617,0.7274444550275803,0.7713150680065155,3,2,s_typh,2,Tetracycline
0.8609176675478617,0.7274444550275803,0.7713150680065155,3,3,s_typh,4,Tetracycline
0.8609176675478617,0.7274444550275803,0.7713150680065155,3,4,s_typh,8,Tetracycline
0.8609176675478617,0.7274444550275803,0.7713150680065155,3,5,s_typh,16,Tetracycline
0.8609176675478617,0.7274444550275803,0.7713150680065155,3,6,s_typh,32,Tetracycline
